<?xml version="1.0" encoding="UTF-8"?>
<project-private xmlns="http://www.netbeans.org/ns/project-private/1">
    <editor-bookmarks xmlns="http://www.netbeans.org/ns/editor-bookmarks/2" lastBookmarkId="0"/>
    <open-files xmlns="http://www.netbeans.org/ns/projectui-open-files/2">
        <group>
            <file>file:/D:/BIKESHOP/src/view/Menu.java</file>
            <file>file:/D:/BIKESHOP/src/controller/FakeBikeDAO.java</file>
            <file>file:/D:/BIKESHOP/src/controller/Biketest.java</file>
            <file>file:/D:/BIKESHOP/src/model/Bike.java</file>
            <file>file:/D:/BIKESHOP/src/view/Delete.java</file>
            <file>file:/D:/BIKESHOP/src/controller/BikeDAO.java</file>
            <file>file:/D:/BIKESHOP/src/controller/EBikeDAO.java</file>
            <file>file:/D:/BIKESHOP/src/view/Look.java</file>
        </group>
    </open-files>
</project-private>
